1,2
CFS123,CFR1
CFS44,CFR1
CFS118,CFR1
CFS38,CFR1
CFS36,CFR1
CFS119,CFR1
CFS120,CFR1
CFS61,CFR1
CFS62,CFR1
CFS63,CFR1
CFS64,CFR1
CFS47,CFR1
CFS128,CFR1
CFS46,CFR1
CFS76,CFR1
CFS88,CFR1
CFS75,CFR1
CFS101,CFR1
CFS78,CFR1
CFS77,CFR1
CFS115,CFR10
CFS41,CFR10
CFS39,CFR10
CFS37,CFR10
CFS35,CFR10
CFS31,CFR10
CFS66,CFR10
CFS81,CFR11
CFS32,CFR12
CFS79,CFR13
CFS95,CFR14
CFS73,CFR14
CFS71,CFR14
CFS69,CFR14
CFS97,CFR14
CFS99,CFR14
CFS67,CFR14
CFS82,CFR14
CFS126,CFR14
CFS124,CFR14
CFS130,CFR14
CFS127,CFR14
CFS103,CFR15
CFS107,CFR16
CFS34,CFR17
CFS42,CFR17
CFS116,CFR17
CFS92,CFR18
CFS18,CFR19
CFS24,CFR19
CFS25,CFR19
CFS15,CFR19
CFS14,CFR19
CFS10,CFR19
CFS8,CFR19
CFS19,CFR19
CFS110,CFR19
CFS54,CFR19
CFS52,CFR19
CFS111,CFR19
CFS57,CFR2
CFS55,CFR2
CFS121,CFR2
CFS51,CFR2
CFS56,CFR2
CFS131,CFR20
CFS100,CFR20
CFS98,CFR20
CFS135,CFR21
CFS114,CFR22
CFS26,CFR22
CFS7,CFR23
CFS3,CFR23
CFS50,CFR23
CFS53,CFR23
CFS83,CFR23
CFS5,CFR23
CFS94,CFR23
CFS109,CFR23
CFS68,CFR23
CFS13,CFR23
CFS17,CFR23
CFS9,CFR23
CFS28,CFR24
CFS59,CFR24
CFS27,CFR24
CFS129,CFR25
CFS132,CFR25
CFS104,CFR25
CFS133,CFR25
CFS134,CFR25
CFS106,CFR25
Orig,CFR25
CFS48,CFR25
CFS65,CFR25
CFS85,CFR25
CFS86,CFR25
CFS136,CFR25
CFS89,CFR25
CFS87,CFR25
CFS90,CFR25
CFS96,CFR26
CFS11,CFR26
CFS112,CFR26
CFS122,CFR26
CFS125,CFR26
CFS70,CFR26
CFS72,CFR26
CFS74,CFR26
CFS80,CFR26
CFS84,CFR26
CFS91,CFR26
CFS105,CFR3
CFS102,CFR3
CFS20,CFR4
CFS16,CFR4
CFS1,CFR4
CFS49,CFR4
CFS4,CFR4
CFS108,CFR4
CFS12,CFR4
CFS29,CFR4
CFS93,CFR5
CFS6,CFR6
CFS2,CFR6
CFS43,CFR7
CFS45,CFR7
CFS60,CFR7
CFS117,CFR7
CFS23,CFR8
CFS22,CFR8
CFS33,CFR8
CFS21,CFR8
CFS113,CFR8
CFS58,CFR8
CFS30,CFR8
CFS40,CFR9
